Symbol,Name,Price / Earnings,Price / Sales,Price / Book,PEG,EV / Sales,EV / EBITDA,EBIT Margin %,Piotroski F-Score,Mean Analyst Rating,TTM Total Return
MMM,3M Company,22.59,3.21,10.08,3.11,3.79,14.10,21.70,4.00,2.00,0.99
AOS,A. O. Smith Corporation,21.47,2.65,4.64,2.81,2.58,14.08,15.60,4.00,1.71,44.77
ABT,Abbott Laboratories,42.20,4.85,4.92,2.50,5.32,22.21,14.39,7.00,1.36,25.80
ABBV,"AbbVie, Inc.",16.75,3.95,#N/A,0.82,4.77,9.93,41.83,6.00,1.32,31.27
ABMD,"ABIOMED, Inc.",32.76,7.91,6.13,3.75,7.40,23.07,29.57,4.00,1.67,7.78
ACN,Accenture Plc Class A,30.39,3.51,8.95,4.05,3.40,17.69,14.80,6.00,1.52,46.68
ATVI,"Activision Blizzard, Inc.",30.48,7.10,3.57,1.72,6.65,18.40,26.36,6.00,1.25,-31.28
ADBE,Adobe Inc.,44.03,18.00,17.23,2.79,17.90,46.03,32.91,8.00,1.33,9.31
AAP,"Advance Auto Parts, Inc.",23.14,1.16,3.09,3.00,1.45,12.64,7.00,4.00,1.54,44.98
AMD,"Advanced Micro Devices, Inc.",151.66,7.68,19.11,2.68,7.57,59.86,8.75,6.00,1.51,41.58
AES,AES Corporation,43.95,1.30,4.41,2.11,3.44,10.84,21.26,3.00,1.22,5.49
AFL,Aflac Incorporated,11.95,1.77,1.33,1.79,2.07,#N/A,#N/A,#N/A,2.13,29.26
A,"Agilent Technologies, Inc.",44.30,5.97,6.41,4.32,6.17,25.95,17.89,5.00,1.53,26.81
APD,"Air Products and Chemicals, Inc.",34.83,7.48,5.45,2.91,7.74,20.51,24.13,5.00,1.44,11.80
AKAM,"Akamai Technologies, Inc.",29.74,4.91,3.83,1.72,5.30,14.25,19.97,7.00,1.38,6.53
ALK,"Alaska Air Group, Inc.",10.95,0.96,1.92,#N/A,1.15,5.44,12.75,7.00,1.25,-2.01
ALB,Albemarle Corporation,14.56,2.16,1.97,4.62,2.93,11.53,19.09,3.00,2.02,58.32
ARE,"Alexandria Real Estate Equities, Inc.",51.80,11.87,2.20,11.31,17.29,24.70,33.22,#N/A,1.17,25.80
ALGN,"Align Technology, Inc.",50.48,9.29,16.26,6.13,8.95,34.77,21.38,5.00,1.59,12.08
ALLE,Allegion PLC,29.01,4.11,15.25,2.95,4.52,19.30,20.50,7.00,2.04,10.43
LNT,Alliant Energy Corp,23.42,3.58,2.57,3.26,5.42,14.69,21.32,6.00,1.50,20.89
ALL,Allstate Corporation,8.02,0.84,1.51,1.07,1.05,#N/A,#N/A,#N/A,1.47,7.36
GOOGL,Alphabet Inc. Class A,27.24,5.80,4.58,2.11,5.15,17.36,21.98,4.00,1.16,64.07
MO,Altria Group Inc,#N/A,4.71,14.90,2.67,6.03,11.07,53.34,5.00,1.41,18.31
AMZN,"Amazon.com, Inc.",80.37,3.32,14.83,2.21,3.40,30.46,5.26,4.00,1.10,4.37
AMCR,Amcor PLC,26.70,1.31,3.45,2.45,1.80,12.08,9.68,7.00,1.57,3.54
AEE,Ameren Corporation,22.92,3.21,2.35,3.93,4.89,12.34,21.44,5.00,1.42,12.50
AAL,"American Airlines Group, Inc.",7.56,0.28,#N/A,#N/A,0.92,5.49,8.10,6.00,2.36,4.78
AEP,"American Electric Power Company, Inc.",24.37,3.01,2.38,3.33,4.98,13.98,17.52,4.00,1.29,8.50
AXP,American Express Company,15.58,2.20,4.37,6.17,3.06,9.37,30.07,#N/A,1.72,34.21
AIG,"American International Group, Inc.",13.73,0.92,0.69,1.70,1.69,#N/A,#N/A,#N/A,1.55,44.68
AMT,American Tower Corporation,54.24,13.51,20.13,3.44,17.60,27.31,37.60,#N/A,1.35,28.26
AWK,"American Water Works Company, Inc.",35.81,6.16,3.63,4.74,8.78,17.69,33.35,6.00,1.75,23.28
AMP,"Ameriprise Financial, Inc.",11.97,1.57,3.60,1.62,1.66,9.48,16.08,#N/A,1.21,54.43
ABC,AmerisourceBergen Corporation,#N/A,0.10,#N/A,1.41,0.11,8.06,1.07,6.00,1.56,29.76
AME,"AMETEK, Inc.",26.56,4.44,4.47,3.51,4.93,17.89,22.82,5.00,1.26,18.40
AMGN,Amgen Inc.,18.72,6.31,14.74,2.04,7.24,14.25,41.15,6.00,1.57,-0.74
APH,Amphenol Corporation Class A,28.85,4.05,7.12,3.64,4.41,18.44,19.99,5.00,1.47,25.31
ADI,"Analog Devices, Inc.",36.12,7.87,3.65,2.32,8.66,20.21,28.08,4.00,1.22,18.39
ANSS,"ANSYS, Inc.",49.01,14.59,6.39,4.20,14.42,36.20,34.41,4.00,1.83,7.86
ANTM,"Anthem, Inc.",16.35,0.75,2.41,1.01,0.95,#N/A,#N/A,#N/A,1.31,44.13
AON,Aon Plc Class A,32.71,4.55,14.32,2.45,5.24,17.85,23.79,#N/A,1.71,42.49
APA,APA Corp.,#N/A,1.49,2.96,#N/A,3.10,5.12,6.02,2.00,1.69,57.20
AAPL,Apple Inc.,34.28,7.18,29.17,2.87,7.29,26.05,23.83,7.00,1.46,34.85
AMAT,"Applied Materials, Inc.",15.54,3.27,5.27,1.17,3.27,11.83,25.32,8.00,1.22,69.62
APTV,Aptiv PLC,24.69,1.70,6.35,6.71,2.02,13.41,9.85,6.00,1.43,23.38
ADM,Archer-Daniels-Midland Company,18.99,0.40,1.34,#N/A,0.55,12.84,2.60,2.00,1.27,32.40
ANET,"Arista Networks, Inc.",19.14,6.82,5.37,3.46,5.74,16.38,33.42,6.00,1.48,86.75
AJG,Arthur J. Gallagher & Co.,27.07,2.59,3.47,2.68,2.95,16.53,10.67,#N/A,1.18,32.85
AIZ,"Assurant, Inc.",22.45,0.81,1.39,7.01,1.18,#N/A,#N/A,#N/A,1.00,14.38
T,AT&T Inc.,20.63,1.58,1.54,4.84,2.65,7.78,16.76,5.00,1.98,-11.56
ATO,Atmos Energy Corporation,19.54,4.16,1.77,2.67,5.85,12.96,29.21,6.00,1.45,7.25
ADSK,"Autodesk, Inc.",204.20,13.45,#N/A,2.70,13.66,90.90,10.97,9.00,1.36,-9.80
ADP,"Automatic Data Processing, Inc.",26.12,4.42,11.13,2.97,4.45,17.82,21.53,7.00,1.90,30.39
AZO,"AutoZone, Inc.",16.53,2.27,#N/A,2.11,2.78,11.18,19.80,5.00,1.41,68.74
AVB,"AvalonBay Communities, Inc.",37.24,12.63,2.68,17.21,15.79,28.34,27.16,#N/A,1.79,57.59
AVY,Avery Dennison Corporation,36.85,1.58,9.11,3.85,1.84,12.86,11.60,6.00,1.73,34.02
BKR,Baker Hughes Company Class A,111.53,0.60,0.76,3.13,1.30,9.93,6.82,5.00,1.20,12.35
BLL,Ball Corporation,38.86,1.92,7.12,3.39,2.47,16.71,8.75,7.00,1.47,-1.61
BAC,Bank of America Corp,12.79,2.92,1.29,3.20,6.73,#N/A,#N/A,#N/A,1.50,53.40
BK,Bank of New York Mellon Corporation,11.16,2.29,1.19,1.42,0.74,#N/A,#N/A,#N/A,1.58,42.20
BBWI,"Bath & Body Works, Inc.",#N/A,0.49,#N/A,1.44,1.08,5.76,9.49,2.00,1.74,119.16
BAX,Baxter International Inc.,43.36,3.82,5.37,2.67,4.05,16.85,16.79,5.00,1.25,3.44
BDX,"Becton, Dickinson and Company",85.67,3.84,2.84,1.89,4.74,19.28,12.60,5.00,1.41,1.49
BRK.B,Berkshire Hathaway Inc. Class B,6.82,2.18,1.30,#N/A,2.14,12.62,12.84,7.00,1.58,29.62
BBY,"Best Buy Co., Inc.",14.73,0.52,6.24,1.41,0.56,7.55,4.67,4.00,1.63,-3.61
BIO,"Bio-Rad Laboratories, Inc. Class A",6.35,4.83,1.92,15.44,4.63,24.48,10.99,5.00,1.30,20.25
TECH,Bio-Techne Corporation,45.42,14.09,7.35,5.55,14.31,43.76,21.26,6.00,1.73,45.69
BIIB,Biogen Inc.,9.44,4.37,3.87,3.41,4.53,9.07,45.85,6.00,1.76,-5.07
BLK,"BlackRock, Inc.",17.68,5.32,2.31,2.02,5.47,12.89,40.17,#N/A,1.21,30.96
BA,Boeing Company,#N/A,2.41,#N/A,#N/A,2.65,602.31,-2.53,1.00,1.73,-14.23
BKNG,Booking Holdings Inc.,18.37,5.93,14.34,32.28,6.06,15.14,35.48,6.00,1.64,5.20
BWA,BorgWarner Inc.,12.03,0.88,1.90,2.07,1.01,6.13,12.11,6.00,1.61,10.29
BXP,"Boston Properties, Inc.",41.78,7.21,3.89,4.98,11.97,20.44,35.32,#N/A,1.70,20.22
BSX,Boston Scientific Corporation,13.57,5.94,4.55,3.65,6.85,26.90,15.95,4.00,1.15,11.42
BMY,Bristol-Myers Squibb Company,31.95,4.20,2.77,1.13,5.44,17.14,24.63,3.00,1.37,0.88
AVGO,Broadcom Inc.,55.27,6.16,5.96,1.08,7.59,16.04,18.24,4.00,1.26,51.82
BR,"Broadridge Financial Solutions, Inc.",31.92,3.16,10.79,#N/A,3.51,14.57,17.24,5.00,1.83,13.36
BRO,"Brown & Brown, Inc.",28.11,4.53,3.32,2.63,4.86,12.31,33.40,#N/A,1.86,44.49
BF.B,Brown-Forman Corporation Class B,36.13,8.96,15.06,7.37,9.55,27.68,32.22,3.00,2.29,-7.10
CHRW,"C.H. Robinson Worldwide, Inc.",18.67,0.70,6.31,2.97,0.78,12.98,5.16,6.00,2.00,11.19
CDNS,"Cadence Design Systems, Inc.",19.94,8.44,9.35,3.88,8.33,31.06,21.42,7.00,1.53,34.31
CZR,Caesars Entertainment Inc,57.87,1.85,4.14,#N/A,3.24,11.86,17.74,6.00,1.32,14.40
CPB,Campbell Soup Company,25.58,1.73,5.84,7.66,2.38,12.06,15.71,8.00,1.86,-6.17
COF,Capital One Financial Corporation,9.31,1.43,0.81,5.01,3.01,#N/A,#N/A,#N/A,1.27,53.66
CAH,"Cardinal Health, Inc.",#N/A,0.10,8.55,1.51,0.13,7.15,1.16,6.00,1.76,-7.38
KMX,"CarMax, Inc.",16.39,0.72,3.78,1.96,1.47,36.30,2.94,4.00,1.32,34.10
CCL,Carnival Corporation,#N/A,2.77,1.06,#N/A,6.14,#N/A,-84.99,2.00,2.08,-11.93
CARR,Carrier Global Corp.,#N/A,#N/A,#N/A,#N/A,#N/A,#N/A,13.84,#N/A,1.50,32.66
CTLT,Catalent Inc,64.54,3.61,4.12,2.29,4.50,20.89,13.20,6.00,1.19,13.88
CAT,Caterpillar Inc.,13.75,1.56,5.57,5.15,2.12,10.23,15.79,5.00,1.67,10.28
CBOE,Cboe Global Markets Inc,36.00,5.37,3.96,2.76,5.63,18.37,23.46,#N/A,1.72,40.94
CBRE,"CBRE Group, Inc. Class A",16.28,0.87,3.29,2.13,1.00,12.35,5.84,#N/A,1.56,56.34
CDW,CDW Corp.,28.65,1.17,21.27,1.64,1.38,17.73,6.29,8.00,1.50,40.29
CE,Celanese Corporation,18.01,2.44,5.87,3.75,3.07,13.86,16.36,4.00,1.59,20.49
CNC,Centene Corporation,20.01,0.35,2.08,0.98,0.55,#N/A,#N/A,#N/A,1.14,34.78
CNP,"CenterPoint Energy, Inc.",20.44,1.88,2.07,3.71,4.15,14.41,11.75,5.00,1.62,26.75
CDAY,"Ceridian HCM Holding, Inc.",128.32,12.25,5.21,10.37,12.78,77.38,9.53,7.00,1.50,0.53
CERN,Cerner Corporation,44.46,4.14,5.39,2.08,4.25,17.49,12.06,5.00,1.42,17.97
CF,"CF Industries Holdings, Inc.",21.46,2.30,3.56,5.13,3.76,9.40,20.59,8.00,1.45,74.38
CRL,"Charles River Laboratories International, Inc.",29.96,2.88,4.55,2.35,3.57,15.63,14.98,4.00,1.31,43.86
SCHW,Charles Schwab Corporation,17.80,5.33,3.23,4.43,2.79,6.16,41.37,#N/A,1.53,56.83
CHTR,"Charter Communications, Inc. Class A",65.08,2.37,3.24,0.90,4.21,11.58,14.45,8.00,1.38,-0.80
CVX,Chevron Corporation,78.10,1.63,1.57,#N/A,1.81,8.51,7.70,5.00,1.48,37.25
CMG,"Chipotle Mexican Grill, Inc.",67.64,4.24,13.80,6.44,4.59,26.40,8.72,5.00,1.54,18.42
CB,Chubb Limited,16.04,2.09,1.27,2.59,2.59,#N/A,#N/A,#N/A,1.36,24.15
CHD,"Church & Dwight Co., Inc.",28.79,4.07,6.47,3.38,4.54,19.21,19.52,7.00,1.80,13.44
CI,Cigna Corporation,15.22,0.51,1.68,1.01,0.75,#N/A,#N/A,#N/A,1.15,12.07
CINF,Cincinnati Financial Corporation,8.69,2.19,1.74,#N/A,2.30,#N/A,#N/A,#N/A,2.00,35.41
CTAS,Cintas Corporation,30.58,3.75,7.93,4.01,4.11,18.36,16.89,5.00,1.73,22.42
CSCO,"Cisco Systems, Inc.",17.60,4.00,5.18,2.78,3.72,11.48,28.60,9.00,1.50,36.73
C,Citigroup Inc.,9.96,1.75,0.96,#N/A,7.52,#N/A,#N/A,#N/A,1.21,1.76
CFG,"Citizens Financial Group, Inc.",10.67,2.35,0.85,#N/A,4.36,#N/A,#N/A,#N/A,1.38,34.79
CTXS,"Citrix Systems, Inc.",22.04,4.99,17.22,2.66,5.13,19.15,18.99,7.00,1.60,-36.06
CLX,Clorox Company,29.83,4.17,30.49,5.39,4.50,20.73,18.82,6.00,1.94,-10.93
CME,CME Group Inc. Class A,33.97,14.73,2.75,4.85,15.31,24.12,53.28,#N/A,1.75,24.41
CMS,CMS Energy Corporation,26.27,2.61,3.55,3.12,4.53,13.89,18.10,4.00,1.62,12.07
KO,Coca-Cola Company,26.77,6.41,12.48,10.18,7.35,22.96,28.18,5.00,1.27,10.48
CTSH,Cognizant Technology Solutions Corporation Class A,18.86,2.07,3.08,2.02,1.97,9.69,16.58,5.00,1.70,3.63
CL,Colgate-Palmolive Company,25.04,3.78,502.89,4.80,4.29,15.57,23.97,5.00,1.71,-1.78
CMCSA,Comcast Corporation Class A,15.88,1.90,2.48,2.23,2.88,9.10,19.56,5.00,1.28,-3.20
CMA,Comerica Incorporated,9.10,2.88,1.39,#N/A,4.66,#N/A,#N/A,#N/A,2.04,61.37
CAG,"Conagra Brands, Inc.",20.23,1.54,2.15,2.00,2.40,10.72,18.65,5.00,1.56,-1.67
COP,ConocoPhillips,10.16,2.25,2.02,#N/A,2.49,5.89,21.70,6.00,1.19,72.67
ED,"Consolidated Edison, Inc.",22.20,2.38,1.67,5.61,4.09,11.63,21.13,5.00,2.32,23.04
STZ,"Constellation Brands, Inc. Class A",#N/A,3.91,2.71,3.00,5.47,14.08,33.19,4.00,1.38,10.97
COO,"Cooper Companies, Inc.",66.38,6.51,4.10,3.63,7.31,26.61,13.91,5.00,1.60,11.49
CPRT,"Copart, Inc.",31.80,10.09,8.81,1.96,10.11,24.17,37.00,6.00,1.45,16.02
GLW,Corning Inc,27.26,2.28,2.09,13.11,2.99,12.10,11.26,4.00,1.65,2.05
CTVA,Corteva Inc,#N/A,1.60,0.91,2.51,1.51,9.30,4.25,7.00,1.56,14.91
COST,Costco Wholesale Corporation,38.64,0.93,8.41,3.90,0.92,18.95,3.64,5.00,1.47,50.60
CTRA,Coterra Energy Inc.,10.67,3.66,3.22,0.90,4.19,6.87,40.09,7.00,1.48,21.09
CCI,Crown Castle International Corp,79.54,10.31,5.64,5.85,14.41,24.41,27.61,#N/A,1.55,35.37
CSX,CSX Corporation,17.34,4.84,4.72,4.57,6.08,11.82,39.75,6.00,1.46,18.17
CMI,Cummins Inc.,12.36,1.19,3.59,4.53,1.29,9.39,10.63,6.00,1.79,-5.53
CVS,CVS Health Corporation,14.62,0.38,1.51,2.25,0.69,9.25,4.95,5.00,1.32,47.90
DHI,"D.R. Horton, Inc.",11.80,1.38,2.33,0.69,1.46,9.73,14.55,6.00,1.27,39.66
DHR,Danaher Corporation,44.71,6.22,3.72,3.79,6.45,25.22,18.77,5.00,1.20,39.45
DRI,"Darden Restaurants, Inc.",#N/A,1.21,4.28,2.16,1.88,12.68,5.78,3.00,1.40,21.70
DVA,DaVita Inc.,14.23,1.01,4.43,0.87,2.01,8.35,15.41,7.00,1.81,-7.31
DE,Deere & Company,26.00,2.01,5.48,0.98,3.11,15.30,14.24,5.00,1.40,26.47
DAL,"Delta Air Lines, Inc.",8.01,0.81,2.45,#N/A,1.11,5.01,14.16,8.00,1.54,-10.59
XRAY,"DENTSPLY SIRONA, Inc.",48.30,3.15,2.46,5.47,3.45,17.99,10.94,8.00,1.59,0.70
DVN,Devon Energy Corporation,#N/A,1.64,1.71,#N/A,2.09,7.30,4.67,5.00,1.25,160.13
DXCM,"DexCom, Inc.",199.71,13.68,22.70,3.35,13.43,103.30,9.64,5.00,1.36,51.96
FANG,"Diamondback Energy, Inc.",63.39,3.84,1.11,0.71,5.57,7.51,37.46,5.00,1.15,120.70
DLR,"Digital Realty Trust, Inc.",50.87,7.82,2.96,20.64,11.95,20.93,19.55,#N/A,1.37,31.61
DFS,Discover Financial Services,9.33,1.94,2.33,5.50,3.75,#N/A,#N/A,#N/A,1.48,29.62
DISCA,"Discovery, Inc. Class A",11.46,2.11,1.75,2.44,3.63,8.82,28.28,8.00,1.81,-17.66
DISH,DISH Network Corporation Class A,13.63,1.49,1.60,#N/A,2.42,12.28,14.67,5.00,1.78,2.82
DG,Dollar General Corporation,23.12,1.43,5.77,1.30,1.84,14.75,8.50,5.00,1.30,5.52
DLTR,"Dollar Tree, Inc.",25.09,0.88,3.30,2.17,1.28,10.72,6.79,5.00,1.48,21.90
D,Dominion Energy Inc,49.96,4.70,2.34,5.68,7.29,16.18,23.98,4.00,1.56,7.02
DPZ,"Domino's Pizza, Inc.",30.58,3.39,#N/A,1.98,4.45,23.03,17.40,7.00,1.42,34.87
DOV,Dover Corporation,24.99,2.37,5.48,2.49,2.77,14.80,14.77,8.00,1.47,37.77
DOW,"Dow, Inc.",#N/A,0.95,3.00,144.35,1.35,8.89,8.38,#N/A,1.85,0.52
DTE,DTE Energy Company,20.59,1.91,2.14,2.72,3.31,13.90,13.22,5.00,1.32,16.73
DUK,Duke Energy Corporation,17.94,2.65,1.49,8.03,5.26,12.69,22.81,5.00,1.61,19.33
DRE,Duke Realty Corporation,29.47,13.08,2.54,15.81,16.07,26.97,25.80,#N/A,1.41,62.27
DD,"DuPont de Nemours, Inc.",96.40,2.23,1.16,#N/A,3.02,13.26,12.96,5.00,1.19,7.10
DXC,DXC Technology Co.,#N/A,0.17,0.69,#N/A,0.59,3.29,5.12,5.00,1.50,29.78
EMN,Eastman Chemical Company,14.46,1.19,1.81,2.51,1.82,8.60,14.31,7.00,1.40,14.43
ETN,Eaton Corp. Plc,18.03,1.86,2.43,3.79,2.25,12.08,14.31,7.00,1.41,44.13
EBAY,eBay Inc.,17.31,3.61,10.02,1.09,4.27,14.45,21.71,4.00,1.62,21.57
ECL,Ecolab Inc.,36.21,4.49,6.41,4.53,5.03,23.37,15.19,6.00,1.86,3.40
EIX,Edison International,20.03,2.08,2.05,3.42,3.84,11.63,17.89,4.00,1.32,12.30
EW,Edwards Lifesciences Corporation,47.29,11.39,11.76,3.47,11.19,37.01,27.55,7.00,1.56,38.25
EA,Electronic Arts Inc.,9.72,5.41,3.87,2.74,4.58,16.13,25.39,6.00,1.46,-8.45
LLY,Eli Lilly and Company,26.52,5.51,48.27,1.83,6.12,19.36,25.94,7.00,1.39,56.05
EMR,Emerson Electric Co.,20.24,2.37,4.67,2.76,2.65,12.06,16.63,5.00,1.60,12.97
ENPH,"Enphase Energy, Inc.",21.20,5.51,11.82,3.51,5.22,27.20,16.87,6.00,1.40,8.71
ETR,Entergy Corporation,19.01,2.19,2.33,3.05,4.04,10.96,16.43,6.00,1.32,13.60
EOG,"EOG Resources, Inc.",17.79,2.85,2.25,33.85,3.08,6.73,21.09,4.00,1.31,71.04
EFX,Equifax Inc.,#N/A,4.83,6.59,2.68,5.69,24.71,13.60,2.00,1.50,42.34
EQIX,"Equinix, Inc.",97.40,8.95,5.63,8.46,11.01,15.73,46.72,#N/A,1.19,17.67
EQR,Equity Residential,32.39,11.63,2.93,31.81,15.37,23.26,34.23,#N/A,2.19,55.55
ESS,"Essex Property Trust, Inc.",45.16,13.59,3.19,6.08,17.71,25.50,36.11,#N/A,1.74,48.13
EL,Estee Lauder Companies Inc. Class A,101.21,4.85,17.29,3.89,5.12,26.98,14.01,5.00,1.43,33.15
ETSY,"Etsy, Inc.",58.08,6.81,12.89,3.25,6.87,39.80,11.32,4.00,1.18,14.53
RE,"Everest Re Group, Ltd.",11.21,1.36,1.24,2.19,1.46,#N/A,#N/A,#N/A,1.40,15.25
EVRG,"Evergy, Inc.",23.31,3.03,1.72,2.79,4.99,12.18,23.04,5.00,1.38,29.85
ES,Eversource Energy,30.22,3.22,2.22,3.23,5.07,14.82,21.46,4.00,1.84,9.66
EXC,Exelon Corporation,15.12,1.32,1.38,11.58,2.53,8.59,12.43,5.00,1.33,29.66
EXPE,"Expedia Group, Inc.",28.69,1.34,3.89,#N/A,1.55,9.86,7.68,7.00,1.70,29.39
EXPD,"Expeditors International of Washington, Inc.",23.02,1.66,6.03,2.51,1.56,15.12,9.38,5.00,2.25,34.41
EXR,Extra Space Storage Inc.,32.65,10.61,5.39,9.78,14.76,22.61,48.17,#N/A,1.61,97.00
XOM,Exxon Mobil Corporation,20.78,1.16,1.54,#N/A,1.39,11.35,4.63,4.00,1.85,47.03
FFIV,"F5, Inc.",24.51,3.21,3.36,1.32,3.02,11.52,17.67,4.00,1.50,31.42
FAST,Fastenal Company,26.84,3.98,7.96,2.46,4.06,17.76,19.80,4.00,2.03,26.98
FRT,Federal Realty Investment Trust,27.91,10.55,4.09,16.58,14.82,23.33,38.86,#N/A,1.78,50.40
FDX,FedEx Corporation,26.64,0.49,1.87,1.26,0.95,7.94,4.12,5.00,1.32,-9.91
FIS,"Fidelity National Information Services, Inc.",210.52,6.07,1.73,2.07,7.97,19.45,17.03,5.00,1.26,-27.06
FITB,Fifth Third Bancorp,9.23,2.42,1.12,8.55,4.09,#N/A,#N/A,#N/A,1.37,59.49
FRC,First Republic Bank,22.60,4.80,2.27,2.15,8.30,#N/A,#N/A,#N/A,1.74,45.17
FE,FirstEnergy Corp.,31.03,2.39,3.77,2.18,4.25,12.75,22.75,4.00,1.59,38.54
FISV,"Fiserv, Inc.",67.67,5.93,2.38,1.71,8.25,24.78,17.83,5.00,1.19,-12.45
FLT,"FLEETCOR Technologies, Inc.",28.95,9.78,6.62,1.96,11.09,19.46,46.62,8.00,1.41,-24.43
FMC,FMC Corporation,27.72,2.86,5.09,1.85,3.54,13.24,21.18,5.00,1.20,-9.99
F,Ford Motor Company,794.87,0.24,1.14,#N/A,1.02,17.47,0.35,4.00,1.76,118.09
FTNT,"Fortinet, Inc.",56.33,8.64,13.66,2.92,7.70,40.27,16.23,5.00,1.65,126.62
FTV,Fortive Corp.,38.77,5.69,3.47,16.16,6.85,35.72,11.60,4.00,1.58,2.79
FBHS,"Fortune Brands Home & Security, Inc.",21.38,1.60,3.76,1.95,1.94,11.74,13.02,6.00,1.69,9.59
FOXA,Fox Corporation Class A,16.54,1.34,1.61,7.61,1.68,7.07,21.07,6.00,1.67,30.80
BEN,"Franklin Resources, Inc.",12.79,1.80,1.00,1.49,2.48,8.50,25.16,#N/A,2.20,33.57
FCX,"Freeport-McMoRan, Inc.",#N/A,1.33,2.05,0.27,2.45,16.77,4.66,3.00,1.35,52.88
GPS,"Gap, Inc.",18.75,0.40,1.95,#N/A,0.77,3.94,6.16,4.00,1.92,-16.03
GRMN,Garmin Ltd.,19.75,5.01,3.92,3.55,4.65,16.55,25.17,6.00,1.78,10.23
IT,"Gartner, Inc.",60.09,3.30,14.64,2.69,3.96,23.49,8.94,8.00,1.61,95.46
GNRC,Generac Holdings Inc.,24.97,2.87,6.10,5.27,3.17,16.07,16.88,7.00,1.23,59.66
GD,General Dynamics Corporation,14.72,1.30,3.65,3.42,1.63,11.61,11.61,3.00,1.57,33.53
GE,General Electric Company,412.57,1.02,3.44,106.93,1.56,10.08,9.19,7.00,1.31,4.38
GIS,"General Mills, Inc.",17.73,2.19,4.77,4.11,2.93,13.79,17.75,8.00,1.82,18.06
GM,General Motors Company,8.00,0.38,1.23,0.54,0.98,6.68,4.31,6.00,1.18,31.77
GPC,Genuine Parts Company,24.68,0.89,4.20,103.55,1.13,14.41,5.95,5.00,1.96,38.33
GILD,"Gilead Sciences, Inc.",15.41,3.72,3.65,26.61,3.75,13.05,22.22,8.00,1.69,27.91
GPN,Global Payments Inc.,84.42,7.40,1.97,1.70,9.15,22.33,21.32,5.00,1.21,-36.67
GL,Globe Life Inc.,15.41,2.59,1.55,1.92,2.95,#N/A,#N/A,#N/A,1.86,-5.64
GS,"Goldman Sachs Group, Inc.",10.93,1.59,1.01,1.26,9.13,#N/A,#N/A,#N/A,1.42,56.15
HAL,Halliburton Company,#N/A,0.96,2.68,2.48,1.37,10.66,5.15,2.00,1.67,11.67
HBI,Hanesbrands Inc.,9.02,0.78,4.35,23.29,1.29,7.78,13.74,6.00,1.70,12.07
HIG,"Hartford Financial Services Group, Inc.",10.74,1.07,1.37,1.50,1.32,#N/A,#N/A,#N/A,1.25,41.98
HAS,"Hasbro, Inc.",26.11,2.88,4.83,2.91,2.79,14.26,13.73,5.00,1.28,5.20
HCA,HCA Healthcare Inc,14.69,1.00,#N/A,1.34,1.72,8.83,14.06,6.00,1.28,50.77
PEAK,"Healthpeak Properties, Inc.",383.43,13.60,2.86,17.22,19.02,46.39,5.77,#N/A,1.65,21.24
HSIC,"Henry Schein, Inc.",19.56,1.00,3.18,#N/A,1.18,12.54,7.34,9.00,1.74,7.52
HSY,Hershey Company,26.94,3.88,17.65,3.28,4.38,17.83,21.09,5.00,1.83,26.96
HES,Hess Corporation,#N/A,3.10,2.33,#N/A,4.23,9.72,9.27,4.00,1.46,28.93
HPE,Hewlett Packard Enterprise Co.,#N/A,0.41,0.69,4.56,0.88,5.40,5.77,4.00,1.84,26.49
HLT,Hilton Worldwide Holdings Inc,36.51,3.39,#N/A,#N/A,4.29,20.26,16.62,7.00,1.61,34.18
HOLX,"Hologic, Inc.",15.27,4.51,6.13,1.47,5.16,12.70,30.47,8.00,1.35,3.22
HD,"Home Depot, Inc.",22.26,2.27,#N/A,2.63,2.59,15.41,14.37,4.00,1.39,46.98
HON,Honeywell International Inc.,21.04,3.52,6.81,5.26,3.70,16.05,19.96,6.00,1.48,-3.22
HRL,Hormel Foods Corporation,29.86,2.82,4.17,6.70,2.78,20.61,11.34,4.00,2.19,3.31
HST,"Host Hotels & Resorts, Inc.",14.74,2.48,1.81,#N/A,3.02,10.84,14.50,#N/A,1.91,9.94
HWM,Howmet Aerospace Inc.,29.87,2.01,2.94,1.10,2.64,12.57,16.72,6.00,1.23,7.43
HPQ,HP Inc.,8.97,0.45,#N/A,1.11,0.49,5.73,6.82,4.00,1.76,51.63
HUM,Humana Inc.,18.24,0.76,4.02,1.73,0.85,#N/A,#N/A,#N/A,1.32,15.94
HBAN,Huntington Bancshares Incorporated,11.91,2.85,1.45,1915.75,5.13,#N/A,#N/A,#N/A,1.68,22.09
HII,"Huntington Ingalls Industries, Inc.",18.92,1.17,6.45,0.27,1.33,11.96,8.35,5.00,1.57,8.37
IEX,IDEX Corporation,30.90,5.27,5.78,3.22,5.39,19.70,24.12,6.00,1.44,13.68
IDXX,"IDEXX Laboratories, Inc.",53.45,9.50,125.97,4.47,9.90,37.64,22.57,8.00,1.50,24.43
INFO,IHS Markit Ltd.,59.14,6.73,3.44,2.71,7.87,22.28,22.35,7.00,1.59,47.78
ITW,Illinois Tool Works Inc.,23.20,4.15,18.98,12.44,4.57,16.79,24.11,8.00,2.07,18.05
ILMN,"Illumina, Inc.",49.41,13.97,10.59,5.50,13.54,40.00,28.03,6.00,1.89,2.22
INCY,Incyte Corporation,42.53,8.80,7.26,#N/A,7.86,35.57,19.53,5.00,1.55,-16.86
IR,Ingersoll Rand Inc.,48.16,3.13,4.02,#N/A,3.60,16.63,14.24,5.00,1.63,28.02
INTC,Intel Corporation,12.77,3.73,3.33,1.49,3.96,8.56,31.17,5.00,1.99,7.18
ICE,"Intercontinental Exchange, Inc.",27.05,8.48,2.97,2.24,9.53,17.51,43.87,#N/A,1.16,18.78
IBM,International Business Machines Corporation,12.69,1.55,5.71,#N/A,2.32,10.42,13.76,5.00,1.81,11.06
IFF,International Flavors & Fragrances Inc.,32.29,2.84,2.22,2.60,3.65,16.73,15.22,4.00,1.64,27.47
IP,International Paper Company,14.99,0.82,2.34,1.26,1.44,8.42,11.07,5.00,1.77,-2.32
IPG,"Interpublic Group of Companies, Inc.",13.78,0.88,3.22,2.81,1.28,8.14,10.96,3.00,1.61,53.44
INTU,Intuit Inc.,44.29,10.53,15.70,3.10,10.09,31.46,28.34,4.00,1.39,59.93
ISRG,"Intuitive Surgical, Inc.",51.22,15.77,8.30,9.84,15.08,42.83,30.70,3.00,1.75,26.26
IVZ,Invesco Ltd.,14.02,1.29,0.83,191.25,3.20,11.07,25.53,#N/A,2.03,28.01
IPGP,IPG Photonics Corporation,43.29,5.94,3.20,3.31,5.09,17.21,22.13,4.00,1.65,-24.98
IQV,IQVIA Holdings Inc,161.47,2.78,4.95,2.47,3.82,20.32,7.73,5.00,1.23,46.84
IRM,"Iron Mountain, Inc.",34.29,2.15,6.25,9.64,4.61,12.88,16.82,#N/A,1.56,82.83
JBHT,"J.B. Hunt Transport Services, Inc.",24.50,1.38,5.47,3.03,1.53,10.79,8.19,6.00,1.69,36.77
SJM,J.M. Smucker Company,16.81,1.67,1.60,#N/A,2.36,10.34,16.93,6.00,2.08,20.05
JKHY,"Jack Henry & Associates, Inc.",47.72,8.34,9.10,3.92,8.26,20.67,22.69,6.00,1.90,2.02
J,Jacobs Engineering Group Inc.,32.78,0.93,2.10,2.59,1.03,11.60,6.97,7.00,1.12,25.43
JNJ,Johnson & Johnson,25.88,4.76,6.45,3.48,4.88,13.99,26.24,7.00,1.39,11.32
JCI,Johnson Controls International plc,48.79,1.38,1.70,1.48,1.74,14.65,7.86,6.00,1.43,67.00
JPM,JPMorgan Chase & Co.,13.00,3.19,1.83,4.01,6.74,#N/A,#N/A,#N/A,1.50,32.50
JNPR,"Juniper Networks, Inc.",24.86,1.93,1.79,4.26,1.90,11.57,11.11,6.00,1.96,50.57
KSU,Kansas City Southern,28.36,5.33,3.33,2.46,6.57,13.30,36.81,7.00,1.55,#N/A
K,Kellogg Company,24.71,1.75,8.60,9.56,2.38,15.77,11.29,6.00,1.68,7.64
KEY,KeyCorp,12.52,2.67,1.31,3.20,4.70,#N/A,#N/A,#N/A,1.89,48.15
KEYS,Keysight Technologies Inc,31.61,4.70,5.89,1.95,4.75,18.65,17.53,6.00,1.12,51.43
KMB,Kimberly-Clark Corporation,22.04,2.58,#N/A,2.94,3.01,13.08,17.86,7.00,1.78,8.24
KIM,Kimco Realty Corporation,25.89,7.54,1.84,#N/A,12.39,19.32,38.58,#N/A,1.55,57.05
KMI,Kinder Morgan Inc Class P,22.01,3.64,1.42,5.62,6.28,13.09,29.49,5.00,1.58,14.49
KLAC,KLA Corporation,25.25,5.30,11.34,2.02,5.57,15.04,30.95,6.00,1.61,48.74
KHC,Kraft Heinz Company,20.00,1.55,0.75,#N/A,2.66,10.97,20.04,6.00,1.70,5.78
KR,Kroger Co.,13.18,0.18,2.46,2.24,0.34,5.72,2.19,6.00,1.75,50.42
LHX,L3Harris Technologies Inc,57.28,2.54,2.03,1.07,2.93,16.92,12.20,5.00,1.18,9.99
LH,Laboratory Corporation of America Holdings,20.25,1.44,2.17,1.23,2.03,10.25,12.46,6.00,1.18,50.85
LRCX,Lam Research Corporation,20.03,4.49,8.50,1.25,4.42,15.03,26.62,3.00,1.23,38.69
LW,"Lamb Weston Holdings, Inc.",24.15,2.33,36.55,4.75,2.95,14.98,14.69,6.00,1.56,-23.89
LVS,Las Vegas Sands Corp.,19.73,3.87,10.16,#N/A,4.60,12.59,27.82,6.00,1.39,-40.54
LEG,"Leggett & Platt, Incorporated",20.62,1.45,5.11,#N/A,1.87,12.52,10.90,4.00,1.50,-5.71
LDOS,"Leidos Holdings, Inc.",21.63,1.30,4.11,1.68,1.55,14.74,8.10,7.00,1.18,-18.91
LEN,Lennar Corporation Class A,9.67,1.04,1.32,0.81,1.26,8.75,13.87,8.00,1.48,32.27
LNC,Lincoln National Corporation,13.46,0.69,0.59,0.89,1.08,#N/A,#N/A,#N/A,1.50,32.90
LIN,Linde plc,50.79,4.11,2.32,2.76,4.64,16.35,11.58,5.00,1.29,30.06
LYV,"Live Nation Entertainment, Inc.",#N/A,1.30,13.33,#N/A,1.57,19.62,2.79,4.00,1.62,45.54
LKQ,LKQ Corporation,20.51,0.89,2.19,#N/A,1.28,11.35,7.83,5.00,1.33,53.53
LMT,Lockheed Martin Corporation,17.74,1.85,34.99,2.18,2.05,13.05,13.60,8.00,1.45,-2.32
L,Loews Corporation,17.08,1.07,0.80,#N/A,2.84,#N/A,#N/A,#N/A,#N/A,27.47
LOW,"Lowe's Companies, Inc.",21.19,1.25,44.98,1.54,1.57,12.87,9.12,6.00,1.30,52.65
LUMN,"Lumen Technologies, Inc.",#N/A,0.66,1.07,14.72,2.28,5.28,17.62,3.00,2.27,32.50
LYB,LyondellBasell Industries NV,9.86,0.96,3.92,3.53,1.32,7.97,12.28,4.00,1.74,-0.25
MTB,M&T Bank Corporation,12.34,3.35,1.53,#N/A,4.43,#N/A,#N/A,#N/A,1.88,20.48
MRO,Marathon Oil Corporation,22.92,2.17,0.89,#N/A,3.13,5.14,10.53,4.00,1.83,124.01
MPC,Marathon Petroleum Corporation,15.18,0.36,1.16,#N/A,0.71,9.24,4.60,5.00,1.25,57.08
MKTX,MarketAxess Holdings Inc.,70.23,28.14,18.68,3.43,27.80,49.78,49.06,#N/A,1.82,-29.91
MAR,"Marriott International, Inc. Class A",39.91,2.42,69.79,#N/A,2.98,26.28,9.71,5.00,1.68,16.19
MMC,"Marsh & McLennan Companies, Inc.",32.68,3.42,7.20,2.55,4.21,16.73,18.58,#N/A,1.80,46.94
MLM,"Martin Marietta Materials, Inc.",28.70,3.70,3.26,3.54,4.38,16.03,18.68,8.00,1.68,53.74
MAS,Masco Corporation,21.90,2.06,#N/A,1.27,2.43,12.68,16.36,8.00,1.40,18.08
MA,Mastercard Incorporated Class A,37.59,18.07,51.02,3.15,18.14,29.59,57.47,5.00,1.24,-0.49
MTCH,"Match Group, Inc.",#N/A,#N/A,#N/A,14.11,#N/A,#N/A,#N/A,#N/A,1.55,-18.85
MKC,"McCormick & Company, Incorporated",32.30,4.24,6.53,10.09,5.03,23.67,18.27,6.00,2.04,2.16
MCD,McDonald's Corporation,25.09,7.07,#N/A,5.07,9.26,17.57,41.56,5.00,1.26,24.49
MCK,McKesson Corporation,27.35,0.11,4.30,1.20,0.14,7.53,1.30,6.00,1.31,36.22
MDT,Medtronic Plc,28.02,4.64,2.62,3.35,5.16,17.89,19.42,5.00,1.23,-13.01
MRK,"Merck & Co., Inc.",23.84,5.04,8.91,1.42,5.40,14.76,28.62,8.00,1.30,4.41
FB,Meta Platforms Inc. Class A,31.93,8.35,5.79,1.31,7.73,15.44,41.00,4.00,1.19,17.75
MET,"MetLife, Inc.",8.41,0.69,0.71,1.17,0.95,#N/A,#N/A,#N/A,1.40,32.44
MTD,Mettler-Toledo International Inc.,35.31,6.58,45.48,5.30,6.97,25.57,24.21,7.00,2.38,36.97
MGM,MGM Resorts International,8.58,1.36,2.17,#N/A,2.78,10.92,11.71,7.00,1.97,32.87
MCHP,Microchip Technology Incorporated,30.44,3.29,2.98,1.73,5.04,13.85,13.15,5.00,1.23,21.02
MU,"Micron Technology, Inc.",19.53,2.44,1.32,1.52,2.40,5.84,14.33,4.00,1.26,14.95
MSFT,Microsoft Corporation,35.31,10.93,13.02,2.92,10.55,22.98,37.03,8.00,1.09,47.58
MAA,"Mid-America Apartment Communities, Inc.",42.98,9.17,2.48,#N/A,12.00,21.54,25.33,#N/A,1.77,80.76
MRNA,"Moderna, Inc.",#N/A,107.47,5.60,#N/A,91.39,#N/A,-906.38,2.00,1.65,97.09
MHK,"Mohawk Industries, Inc.",13.24,0.99,1.20,2.82,1.27,7.96,9.31,5.00,1.79,18.44
TAP,Molson Coors Beverage Company Class B,48.37,1.11,0.87,6.30,1.95,8.68,14.15,6.00,1.85,-3.28
MDLZ,"Mondelez International, Inc. Class A",20.44,3.10,2.90,2.68,3.79,18.48,16.34,7.00,1.15,13.51
MPWR,"Monolithic Power Systems, Inc.",74.85,12.97,10.04,3.31,12.25,64.15,16.73,3.00,1.27,37.94
MNST,Monster Beverage Corporation,31.36,8.27,8.18,2.99,7.96,22.65,33.67,7.00,1.39,1.68
MCO,Moody's Corporation,31.99,9.42,72.81,2.95,10.34,21.70,42.97,5.00,1.44,37.56
MS,Morgan Stanley,9.85,1.55,1.12,2.09,6.14,#N/A,#N/A,#N/A,1.37,52.09
MOS,Mosaic Company,#N/A,0.93,0.89,7.93,1.43,8.68,5.65,3.00,1.67,53.19
MSI,"Motorola Solutions, Inc.",32.60,3.59,#N/A,#N/A,4.19,15.56,20.91,5.00,1.38,52.31
MSCI,MSCI Inc. Class A,39.18,14.18,#N/A,4.56,15.30,27.58,48.51,5.00,1.67,31.64
NDAQ,"Nasdaq, Inc.",23.10,4.20,3.14,2.25,5.00,16.39,25.48,#N/A,1.53,56.22
NTAP,"NetApp, Inc.",12.25,1.85,38.97,3.34,1.66,7.50,17.20,6.00,1.70,38.51
NFLX,"Netflix, Inc.",78.30,7.25,18.73,2.15,7.82,13.08,12.92,3.00,1.52,11.09
NWL,Newell Brands Inc,82.07,0.84,1.64,3.12,1.46,10.80,8.31,5.00,2.00,3.62
NEM,Newmont Corporation,11.42,3.29,1.64,0.91,3.85,9.93,15.67,4.00,1.35,0.66
NWSA,News Corporation Class A,#N/A,0.77,0.92,#N/A,0.98,6.38,4.16,3.00,1.63,21.35
NEE,"NextEra Energy, Inc.",31.19,6.72,3.20,3.55,9.43,20.42,20.42,4.00,1.45,23.09
NLSN,Nielsen Holdings Plc,#N/A,1.11,3.29,1.06,2.42,8.74,15.25,5.00,1.54,-0.09
NKE,"NIKE, Inc. Class B",61.80,4.19,19.07,2.05,4.31,45.19,7.40,4.00,1.20,15.21
NI,NiSource Inc,31.91,2.01,2.08,2.43,4.01,10.30,25.06,5.00,1.18,25.08
NSC,Norfolk Southern Corporation,18.94,4.56,3.30,2.83,5.66,12.60,34.46,5.00,1.52,23.01
NTRS,Northern Trust Corporation,16.03,3.31,2.27,2.96,-0.26,#N/A,#N/A,#N/A,1.94,27.71
NOC,Northrop Grumman Corporation,26.01,1.73,6.55,0.52,2.12,13.41,11.73,6.00,1.30,24.26
NLOK,NortonLifeLock Inc.,20.45,4.72,1077.15,4.31,5.55,15.38,24.94,6.00,1.62,23.87
NCLH,Norwegian Cruise Line Holdings Ltd.,13.59,1.96,1.91,#N/A,3.01,10.60,18.06,6.00,1.71,-17.63
NRG,"NRG Energy, Inc.",2.54,1.08,5.97,#N/A,1.63,9.25,11.64,6.00,1.20,23.31
NUE,Nucor Corporation,13.60,0.76,1.64,5.95,0.90,7.56,8.56,5.00,1.92,110.43
NVDA,NVIDIA Corporation,55.36,14.18,12.56,3.31,13.42,44.59,26.48,5.00,1.35,109.03
NVR,"NVR, Inc.",17.22,2.08,5.73,1.52,2.02,16.12,12.16,6.00,1.50,32.55
NXPI,NXP Semiconductors NV,147.72,4.10,3.79,1.79,4.86,15.96,7.25,6.00,1.41,41.51
ORLY,"O'Reilly Automotive, Inc.",24.51,3.36,83.41,1.74,3.93,17.30,18.94,5.00,1.39,49.08
OXY,Occidental Petroleum Corporation,#N/A,1.74,1.51,#N/A,4.15,10.40,6.69,2.00,2.00,45.89
ODFL,"Old Dominion Freight Line, Inc.",24.79,3.71,4.91,2.83,3.64,13.53,20.62,5.00,1.91,67.80
OMC,Omnicom Group Inc,13.37,1.20,6.16,15.98,1.42,8.33,14.19,6.00,1.93,18.69
OKE,"ONEOK, Inc.",24.61,3.11,5.02,12.49,4.37,18.84,18.46,5.00,1.84,52.67
ORCL,Oracle Corporation,17.48,4.53,13.66,1.81,5.33,12.01,36.38,8.00,1.63,43.00
OGN,Organon & Co.,#N/A,#N/A,#N/A,#N/A,#N/A,#N/A,38.43,#N/A,#N/A,#N/A
OTIS,Otis Worldwide Corporation,#N/A,#N/A,#N/A,#N/A,#N/A,#N/A,14.42,#N/A,1.41,26.96
PCAR,PACCAR Inc,11.51,1.07,2.82,3.53,1.30,8.46,11.77,6.00,1.85,-1.40
PKG,Packaging Corporation of America,15.25,1.51,3.45,2.31,1.80,8.35,15.50,6.00,1.82,-1.50
PH,Parker-Hannifin Corporation,19.72,1.74,3.85,1.48,2.31,12.48,14.51,3.00,1.43,10.39
PAYX,"Paychex, Inc.",23.76,6.46,9.32,5.05,6.45,15.51,36.15,7.00,1.95,30.95
PAYC,"Paycom Software, Inc.",85.66,20.96,28.99,5.12,18.82,51.60,30.67,7.00,1.50,-8.94
PYPL,"PayPal Holdings, Inc.",52.26,7.33,7.51,2.76,7.03,38.77,14.55,8.00,1.24,-22.74
PENN,"Penn National Gaming, Inc.",68.58,0.57,1.60,#N/A,2.62,7.37,14.13,6.00,1.44,-48.97
PNR,Pentair plc,21.97,2.64,3.95,2.55,2.99,16.64,15.10,7.00,1.73,33.71
PBCT,"People's United Financial, Inc.",13.26,2.95,0.96,#N/A,5.58,#N/A,#N/A,#N/A,1.87,35.85
PEP,"PepsiCo, Inc.",26.46,2.88,12.94,4.68,3.30,16.81,15.85,6.00,1.43,18.66
PKI,"PerkinElmer, Inc.",47.55,3.75,3.83,1.62,4.47,20.51,14.06,5.00,1.72,32.14
PFE,Pfizer Inc.,13.66,5.40,3.43,1.87,6.47,19.93,18.24,4.00,1.70,68.32
PM,Philip Morris International Inc.,18.47,4.45,#N/A,2.78,5.35,12.34,39.91,6.00,1.31,13.68
PSX,Phillips 66,16.45,0.47,1.97,#N/A,0.60,13.72,3.00,4.00,1.07,8.77
PNW,Pinnacle West Capital Corporation,18.84,2.92,1.86,4.08,4.63,11.25,21.85,5.00,1.71,-10.12
PXD,Pioneer Natural Resources Company,32.83,2.61,2.06,7.49,2.79,7.30,19.88,5.00,1.11,57.36
PNC,"PNC Financial Services Group, Inc.",14.03,3.32,1.53,1.82,5.10,#N/A,#N/A,#N/A,1.77,36.47
POOL,Pool Corporation,33.18,2.71,20.75,2.44,2.92,24.73,10.67,4.00,1.61,48.72
PPG,"PPG Industries, Inc.",25.58,2.10,5.95,3.47,2.41,14.88,11.95,6.00,1.57,12.07
PPL,PPL Corporation,15.15,3.40,2.12,#N/A,6.26,11.72,36.56,5.00,1.69,15.95
PFG,"Principal Financial Group, Inc.",11.09,0.95,1.04,1.64,1.22,#N/A,#N/A,#N/A,1.75,44.94
PG,Procter & Gamble Company,24.10,4.43,6.50,3.52,4.72,17.20,23.10,8.00,1.43,16.41
PGR,Progressive Corporation,10.78,1.09,3.21,3.93,1.23,#N/A,#N/A,#N/A,1.73,11.78
PLD,"Prologis, Inc.",37.20,18.02,2.57,11.09,22.48,36.12,27.57,#N/A,1.25,67.87
PRU,"Prudential Financial, Inc.",9.27,0.59,0.59,1.06,1.09,#N/A,#N/A,#N/A,1.83,39.12
PTC,PTC Inc.,73.59,6.59,6.68,1.96,7.22,30.99,17.29,5.00,1.38,1.29
PEG,Public Service Enterprise Group Inc,17.68,3.15,1.97,3.29,4.86,13.84,19.91,5.00,1.58,16.61
PSA,Public Storage,29.20,13.06,7.43,12.48,15.01,21.55,51.64,#N/A,2.08,64.22
PHM,"PulteGroup, Inc.",10.61,1.05,1.92,0.72,1.24,8.85,13.33,7.00,1.31,15.43
PVH,PVH Corp.,15.58,0.66,1.08,#N/A,1.07,9.94,5.62,4.00,1.62,-0.78
QRVO,"Qorvo, Inc.",28.79,2.97,2.15,1.23,3.26,10.53,16.27,7.00,1.40,-10.14
QCOM,Qualcomm Inc,25.31,5.59,21.31,1.18,5.81,17.87,26.46,6.00,1.38,22.08
PWR,"Quanta Services, Inc.",14.94,0.50,1.43,2.37,0.62,8.36,4.81,4.00,1.29,57.75
DGX,Quest Diagnostics Incorporated,16.99,1.88,2.52,1.01,2.44,11.82,15.79,6.00,1.45,45.11
RL,Ralph Lauren Corporation Class A,13.66,0.85,1.83,34.57,1.03,5.14,9.85,5.00,1.60,8.86
RJF,"Raymond James Financial, Inc.",12.49,1.24,1.40,2.62,3.75,19.55,17.52,#N/A,1.75,53.55
RTX,Raytheon Technologies Corporation,23.37,2.85,3.10,#N/A,3.78,24.07,10.22,5.00,1.30,18.33
O,Realty Income Corporation,53.33,15.64,2.51,14.08,21.25,29.80,30.34,#N/A,1.45,21.80
REG,Regency Centers Corporation,44.21,9.82,1.70,34.13,14.02,21.03,34.66,#N/A,1.63,58.20
REGN,"Regeneron Pharmaceuticals, Inc.",20.34,6.56,3.73,1.90,6.18,16.75,33.70,4.00,1.44,20.90
RF,Regions Financial Corporation,11.41,2.61,1.10,8.22,3.69,#N/A,#N/A,#N/A,1.48,39.75
RSG,"Republic Services, Inc.",26.89,2.80,3.52,3.40,3.67,12.69,17.81,6.00,1.53,40.45
RMD,ResMed Inc.,44.98,9.46,11.14,3.43,9.74,28.96,27.36,7.00,1.86,14.35
RHI,Robert Half International Inc.,16.18,1.21,6.36,5.55,1.21,10.32,10.21,5.00,2.11,70.85
ROK,"Rockwell Automation, Inc.",25.17,4.06,24.95,2.99,4.38,21.62,17.25,5.00,1.94,37.80
ROL,"Rollins, Inc.",53.40,5.39,13.31,#N/A,5.59,27.74,15.75,3.00,1.75,-19.85
ROP,"Roper Technologies, Inc.",21.06,6.94,3.88,2.69,7.84,21.86,27.92,5.00,1.75,10.14
ROST,"Ross Stores, Inc.",24.40,2.53,11.92,12.23,2.66,15.81,13.38,4.00,1.29,-9.16
RCL,Royal Caribbean Group,14.92,2.56,2.29,#N/A,3.66,11.88,19.00,5.00,1.78,0.51
SPGI,"S&P Global, Inc.",31.76,10.06,139.09,2.43,10.67,20.74,47.89,6.00,1.32,43.86
CRM,"salesforce.com, inc.",1230.16,9.06,4.80,2.89,8.96,42.71,2.94,6.00,1.23,8.70
SBAC,SBA Communications Corp. Class A,188.04,13.72,#N/A,#N/A,20.04,35.57,21.60,#N/A,1.31,36.22
SLB,Schlumberger NV,#N/A,1.69,2.34,1.33,2.15,10.61,8.91,4.00,1.37,29.83
STX,Seagate Technology Holdings PLC,12.50,1.19,6.80,1.30,1.43,8.50,13.18,6.00,1.81,68.31
SEE,Sealed Air Corporation,21.08,1.29,#N/A,2.23,2.05,11.75,14.14,7.00,1.68,43.09
SRE,Sempra Energy,20.79,3.95,2.50,#N/A,6.76,16.81,25.39,6.00,1.42,0.08
NOW,"ServiceNow, Inc.",88.85,16.09,25.14,3.87,15.93,132.52,1.22,4.00,1.19,7.06
SHW,Sherwin-Williams Company,35.38,3.05,13.04,2.92,3.62,18.53,13.60,8.00,1.52,39.38
SPG,"Simon Property Group, Inc.",22.02,8.10,18.40,#N/A,12.47,16.86,49.70,#N/A,1.65,81.69
SWKS,"Skyworks Solutions, Inc.",30.62,7.43,5.84,1.69,7.20,18.88,26.99,5.00,1.41,2.42
SNA,Snap-on Incorporated,13.64,2.33,2.71,3.26,2.59,9.94,23.58,5.00,2.00,23.26
SO,Southern Company,14.17,3.17,2.55,3.77,5.59,13.75,24.30,6.00,1.74,16.31
LUV,Southwest Airlines Co.,12.65,1.30,2.85,#N/A,1.29,6.55,13.40,6.00,1.39,-14.49
SWK,"Stanley Black & Decker, Inc.",26.13,1.73,3.33,2.37,2.09,11.83,13.50,5.00,1.39,-0.42
SBUX,Starbucks Corporation,107.32,4.24,#N/A,2.55,5.12,26.42,6.45,5.00,1.56,6.41
STT,State Street Corporation,14.71,2.37,1.32,0.87,3.59,#N/A,#N/A,#N/A,1.47,30.91
STE,STERIS Plc,29.40,3.95,3.49,#N/A,4.28,17.09,18.29,8.00,1.64,23.66
SYK,Stryker Corporation,38.29,5.36,6.14,3.74,5.83,20.74,22.76,4.00,1.50,4.27
SIVB,SVB Financial Group,11.55,3.74,2.12,1.89,2.80,#N/A,#N/A,#N/A,1.60,78.21
SYF,Synchrony Financial,6.47,1.55,1.55,0.73,2.10,3.24,62.76,#N/A,1.20,39.50
SNPS,"Synopsys, Inc.",50.12,9.04,6.65,2.94,8.88,36.99,17.81,6.00,1.25,35.73
SYY,Sysco Corporation,124.52,0.51,22.94,9.90,0.68,16.81,2.25,5.00,1.54,0.88
TMUS,"T-Mobile US, Inc.",19.52,1.50,2.33,3.79,2.41,7.31,14.38,5.00,1.20,-9.80
TROW,T. Rowe Price Group,14.00,5.17,4.04,1.74,5.08,10.34,45.50,#N/A,1.91,30.34
TTWO,"Take-Two Interactive Software, Inc.",33.47,4.38,5.30,4.93,3.62,16.60,13.77,7.00,1.36,-12.31
TPR,"Tapestry, Inc.",#N/A,0.70,1.52,0.67,1.32,8.04,5.94,3.00,1.50,37.96
TGT,Target Corporation,17.40,0.73,4.72,1.47,0.88,9.06,5.99,8.00,1.41,30.40
TEL,TE Connectivity Ltd.,#N/A,2.60,3.36,2.03,2.91,14.05,14.61,3.00,1.45,32.11
TDY,Teledyne Technologies Incorporated,32.42,4.12,4.68,#N/A,4.37,22.53,15.66,6.00,1.17,8.16
TFX,Teleflex Incorporated,38.41,6.83,6.01,3.31,7.50,26.99,19.36,7.00,1.17,-23.32
TER,"Teradyne, Inc.",26.18,5.33,7.67,1.15,5.14,17.83,23.38,7.00,1.58,29.51
TSLA,Tesla Inc,#N/A,3.02,11.44,9.01,3.41,37.02,0.33,6.00,1.96,29.49
TXN,Texas Instruments Incorporated,24.49,8.49,13.42,4.04,8.54,18.19,39.54,5.00,1.82,14.94
TXT,Textron Inc.,12.77,0.76,1.85,8.82,0.96,8.82,7.73,5.00,1.73,52.71
TMO,Thermo Fisher Scientific Inc.,35.42,5.13,4.37,1.70,5.75,22.38,16.67,8.00,1.33,39.41
TJX,TJX Companies Inc,22.13,1.74,11.90,18.76,1.93,13.55,10.56,5.00,1.21,8.66
TSCO,Tractor Supply Company,19.82,1.33,6.96,1.32,1.65,12.24,8.90,5.00,1.65,52.77
TT,Trane Technologies plc,22.76,2.48,4.36,3.23,2.85,18.32,13.16,5.00,1.67,37.77
TDG,TransDigm Group Incorporated,57.44,5.33,#N/A,1.24,8.36,19.92,36.32,4.00,1.38,-4.48
TRV,"Travelers Companies, Inc.",13.80,1.14,1.35,2.28,1.36,#N/A,#N/A,#N/A,1.91,13.08
TRMB,Trimble Inc.,20.41,3.22,3.33,2.08,3.77,18.62,12.96,7.00,1.43,26.52
TFC,Truist Financial Corporation,15.16,3.16,1.23,#N/A,7.48,#N/A,#N/A,#N/A,1.46,25.17
TWTR,"Twitter, Inc.",17.18,7.28,2.87,#N/A,6.31,25.32,10.59,3.00,1.86,-23.07
TYL,"Tyler Technologies, Inc.",82.12,11.08,7.29,5.39,10.85,50.46,14.39,5.00,1.57,11.41
TSN,"Tyson Foods, Inc. Class A",10.30,0.49,1.39,3.57,0.74,6.52,8.38,6.00,1.57,33.74
USB,U.S. Bancorp,14.26,3.64,1.98,3.26,5.56,#N/A,#N/A,#N/A,1.63,26.23
UDR,"UDR, Inc.",73.85,11.59,4.15,55.26,16.77,26.41,18.77,#N/A,1.61,60.86
ULTA,Ulta Beauty Inc,22.05,2.10,7.97,15.19,2.30,12.39,12.44,5.00,1.38,36.28
UAA,"Under Armour, Inc. Class A",106.51,1.87,4.54,#N/A,1.97,24.04,4.06,5.00,1.90,14.80
UNP,Union Pacific Corporation,21.57,5.88,6.90,3.05,7.08,14.11,39.40,5.00,1.39,20.48
UAL,"United Airlines Holdings, Inc.",7.61,0.53,1.92,#N/A,0.89,4.81,10.47,8.00,1.83,-8.14
UPS,"United Parcel Service, Inc. Class B",22.91,1.38,30.69,2.46,1.68,11.84,10.66,5.00,1.69,18.04
URI,"United Rentals, Inc.",11.04,1.39,3.24,5.26,2.68,5.78,23.22,7.00,1.69,41.50
UNH,UnitedHealth Group Incorporated,20.52,1.17,4.84,1.91,1.38,#N/A,#N/A,#N/A,1.24,44.97
UHS,"Universal Health Services, Inc. Class B",15.72,1.12,2.26,1.94,1.50,9.30,11.54,7.00,1.56,-8.72
VFC,V.F. Corporation,34.02,2.20,6.69,2.95,2.57,13.74,11.44,4.00,1.58,-17.69
VLO,Valero Energy Corporation,16.02,0.36,1.76,#N/A,0.44,7.53,3.62,4.00,1.20,32.55
VTR,"Ventas, Inc.",49.32,5.51,2.06,32.15,8.78,23.08,14.21,#N/A,1.95,-2.13
VRSN,"VeriSign, Inc.",37.44,18.61,#N/A,#N/A,19.08,27.56,65.45,7.00,1.75,10.73
VRSK,Verisk Analytics Inc,55.29,9.54,10.78,3.66,10.77,24.10,31.88,6.00,1.62,8.89
VZ,Verizon Communications Inc.,13.19,1.93,4.14,4.58,2.92,7.61,23.53,5.00,1.65,-8.19
VRTX,Vertex Pharmaceuticals Incorporated,48.50,13.82,9.32,0.85,13.06,42.18,28.31,6.00,1.21,-9.00
VIAC,ViacomCBS Inc. Class B,7.83,0.96,1.95,1.81,1.72,2.55,16.25,3.00,1.73,-16.82
VTRS,"Viatris, Inc.",618.46,0.90,0.87,1.50,1.99,7.78,7.72,5.00,1.50,-26.45
V,Visa Inc. Class A,42.44,20.35,13.65,3.04,20.74,30.43,64.58,4.00,1.21,-0.62
VNO,Vornado Realty Trust,4.10,6.60,2.17,#N/A,11.13,29.24,15.30,#N/A,2.19,13.13
VMC,Vulcan Materials Company,31.09,3.90,3.39,3.59,4.49,16.77,17.96,7.00,1.74,37.99
WRB,W. R. Berkley Corporation,19.61,1.69,2.09,3.41,2.06,#N/A,#N/A,#N/A,1.95,21.97
GWW,"W.W. Grainger, Inc.",21.89,1.62,9.80,2.91,1.82,12.78,12.08,7.00,1.86,20.98
WBA,Walgreens Boots Alliance Inc,73.40,0.27,1.59,#N/A,0.61,9.03,3.07,4.00,2.12,24.61
WMT,Walmart Inc.,22.07,0.63,4.34,2.70,0.76,11.72,4.10,5.00,1.33,-3.11
DIS,Walt Disney Company,#N/A,3.40,2.65,6.08,4.30,30.99,5.49,3.00,1.32,-15.28
WM,"Waste Management, Inc.",29.17,3.15,6.84,4.62,3.82,13.25,17.82,5.00,1.71,38.99
WAT,Waters Corporation,26.89,6.62,#N/A,7.02,7.22,20.84,30.05,6.00,2.22,38.68
WEC,WEC Energy Group Inc,25.76,3.88,2.88,3.84,5.60,17.03,20.50,6.00,2.13,8.59
WFC,Wells Fargo & Company,13.27,2.26,1.34,14.46,5.47,#N/A,#N/A,#N/A,1.61,63.67
WELL,"Welltower, Inc.",68.17,6.46,2.16,#N/A,9.67,21.41,25.09,#N/A,1.83,29.49
WST,"West Pharmaceutical Services, Inc.",46.90,6.15,7.08,4.62,6.09,27.84,16.12,6.00,1.57,58.43
WDC,Western Digital Corporation,#N/A,0.76,1.34,2.01,1.16,9.08,3.26,6.00,1.47,5.09
WU,Western Union Company,10.90,2.19,#N/A,2.78,2.57,10.18,19.90,#N/A,2.14,-19.44
WAB,Westinghouse Air Brake Technologies Corporation,42.35,1.68,1.50,2.06,2.19,13.25,11.35,5.00,1.54,18.86
WRK,WestRock Company,#N/A,0.51,0.85,1.12,1.08,6.92,6.51,3.00,1.46,-3.03
WY,Weyerhaeuser Company,#N/A,3.44,2.75,#N/A,4.36,16.79,18.07,#N/A,1.45,16.78
WHR,Whirlpool Corporation,8.00,0.46,2.91,1.20,0.70,7.89,5.46,8.00,1.78,19.83
WMB,"Williams Companies, Inc.",34.00,3.51,2.16,5.57,6.59,13.08,29.02,6.00,1.23,27.58
WLTW,Willis Towers Watson Public Limited Company,25.15,2.91,2.54,2.27,3.56,14.87,15.05,#N/A,1.72,14.65
WYNN,"Wynn Resorts, Limited",120.80,2.25,8.55,#N/A,3.46,14.16,14.83,4.00,1.53,-30.31
XEL,Xcel Energy Inc.,24.06,2.86,2.52,3.81,4.62,12.93,18.20,5.00,2.00,4.37
XLNX,"Xilinx, Inc.",24.19,6.06,7.92,12.73,5.76,18.57,25.94,6.00,1.93,31.72
XYL,Xylem Inc.,35.60,2.72,4.80,5.16,3.07,16.44,13.49,5.00,1.94,15.08
YUM,"Yum! Brands, Inc.",24.37,5.63,#N/A,3.20,7.51,20.08,33.82,7.00,1.73,21.86
ZBRA,Zebra Technologies Corporation Class A,25.64,3.14,7.50,#N/A,3.45,17.73,15.35,6.00,1.58,53.02
ZBH,"Zimmer Biomet Holdings, Inc.",27.34,3.88,2.49,8.14,4.86,17.41,15.13,6.00,1.36,-21.22
ZION,"Zions Bancorporation, N.A.",12.38,2.98,1.26,#N/A,4.18,#N/A,#N/A,#N/A,1.75,48.29
ZTS,"Zoetis, Inc. Class A",42.51,10.19,23.24,4.11,10.94,28.10,32.24,6.00,1.45,43.95
